created_at,entry_id,field3
2023-03-15 10:07:45 UTC,100,"17
"
2023-03-15 10:12:30 UTC,101,"17
"
2023-03-15 10:13:35 UTC,102,"17
"
2023-03-15 10:14:01 UTC,103,"17
"
2023-03-15 10:14:35 UTC,104,"17
"
2023-03-15 10:15:03 UTC,105,"17

ııı1#907@17

ııı1#905@17
"
2023-03-15 10:15:32 UTC,106,"17

ııı1#908@17

"
2023-03-15 10:16:10 UTC,107,"17
"
2023-03-15 10:16:37 UTC,108,"17
"
2023-03-15 10:17:39 UTC,109,"17

C3#876@17

ııı3#919@17
"
2023-03-15 10:18:13 UTC,110,"17

ııı3#897@17
"
2023-03-15 10:19:02 UTC,111,"17
ıııııııııııııııııııııııııııııııııııııııııııııııııııııııııııııııııııııııııııııııııııııııııııııııııııııııııııııııııııııııııııııııııııııııııııııııııııııııııııııııııııııııııııııııııııııııııııııııııııııııııııııııııııııııııııııııııııııııııııııııııııııııııııııııııııııııııııııııııııııııııııııııııııııııııııııııııııııııııııııııııııııııııııııııııııııııııııııııııııııııııııııııııııııııııııııııııııııııııııııııııııııııııııııııııııııııııııııııııııııııııııı
"
2023-03-15 10:19:42 UTC,112,"17
"
2023-03-15 10:20:15 UTC,113,"17
"
2023-03-15 10:20:42 UTC,114,"17
"
2023-03-15 10:21:08 UTC,115,"17
"
2023-03-15 10:21:35 UTC,116,"17

ııı4#918@17

r0#918@17
"
2023-03-15 10:22:07 UTC,117,"17
ııııııııııııııııııııııııııııııııııııııııııııııııııııııııııııııııııııııııııııııııııııııııııııııııııııııııııııııııııııııııııııııııııııııııııııııııııııııııııııııııııııııııııııııııııııııııııııııııııııııııııııııııııııııııııııııııııııııııııııııııııııııııııııııııııııııııııııııııııııııııııııııııııııııııııııııııııııııııııııııııııııııııııııııııııııııııııııııııııııııııııııııııııııııııııııııııııııııııııııııııııııııııııııııııııııııııııııııııııı
"
2023-03-15 10:31:13 UTC,118,"17
"
2023-03-15 10:31:40 UTC,119,"17
"
2023-03-15 10:32:17 UTC,120,"17
"
2023-03-15 10:32:44 UTC,121,"17

ııı6#893@17
"
2023-03-15 10:33:11 UTC,122,"17
ııııııııııııııııııııııııııııııııııııııııııııııııııııııııııııııııııııııııııııııııııııııııııııııııııııııııııııııııııııııııııııııııııııııııııııııııııııııııııııııııııııııııııııııııııııııııııııııııııııııııııııııııııııııııııııııııııııııııııııııııııııııııııııııııııııııııııııııııııııııııııııııııııııııııııııııııııııııııııııııııııııııııııııııııııııııııııııııııııııııııııııııııııııııııııııııııııııııııııııııııııııııııııııııııııııııııııııııııııııııııııııııııııııııııııııııııııııııııııııııııııııııııııııııııııııııııııııııııııııııııııııııııııııııııııııııııııııııııııııııııııııııııııııııııııııııııııııııııııııııııııııııııııııııııııııııııııııııııııııııııııııııııııııııııııııııııııııııııııııııııııııııııııııııııııııııııııııııııııııııııııııııııııııııııııııııııııııııııı"
2023-03-15 10:33:38 UTC,123,"17
"
2023-03-15 10:34:06 UTC,124,"17
ııııııııııııııııııııııııııııııııııııııııııııııııııııııııııııııııııııııııııııııııııııııııııııııııııııııııııııııııııııııııııııııııııııııııııııııııııııııııııııııııııııııııııııııııııııııııııııııııııııııııııııııııııııııııııııııııııııııııııııııııııııııııııııııııııııııııııııııııııııııııııııııııııııııııııııııııııııııııııııııııııııııııııııııııııııııııııııııııııııııııııııııııııııııııııııııııııııııııııııııııııııııııııııııııııııııııııııııııııııııııııııııııııııııııııııııııııııııııııııııııııııııııııııııııııııııııııııııııııııııııııııııııııııııııııııııııııııııııııııııııııııııııııııııııııııııııııııııııııııııııııııııııııııııııııııııııııııııııııııııııııııııııııııııııııııııııııııııııııııııııııııııııııııııııııııııııııııııııııııııııııııııııııııııııııııııııııııııııı"
2023-03-15 10:35:57 UTC,125,"17
ıııııııııııııııııııııııııııııııııııııııııııııııııııııııııııııııııııııııııııııııııııııııııııııııııııııııııııııııııııııııııııııııııııııııııııııııııııııııııııııııııııııııııııııııııııııııııııııııııııııııııııııııııııııııııııııııııııııııııııııııııııııııııııııııııııııııııııııııııııııııııııııııııııııııııııııııııııııııııııııııııııııııııııııııııııııııııııııııııııııııııııııııııııııııııııııııııııııııııııııııııııııııııııııııııııııııııııııııııııııııııııı
"
2023-03-15 10:36:30 UTC,126,"17

ııı7#877@17
"
2023-03-15 10:37:04 UTC,127,"17

y2#866@17
"
2023-03-15 10:37:37 UTC,128,"17
"
2023-03-15 10:38:01 UTC,129,"17
"
2023-03-15 10:38:28 UTC,130,"17

t9#892@17

"
2023-03-15 10:39:02 UTC,131,"17
"
2023-03-15 10:39:38 UTC,132,"17
"
2023-03-15 10:40:07 UTC,133,"17
"
2023-03-15 10:40:41 UTC,134,"17
"
2023-03-15 10:41:14 UTC,135,"17
"
2023-03-15 10:41:44 UTC,136,"17
"
2023-03-15 10:42:11 UTC,137,"17
"
2023-03-15 10:42:38 UTC,138,"17
"
2023-03-15 10:43:05 UTC,139,"17
"
2023-03-15 10:43:31 UTC,140,"17
"
2023-03-15 10:43:58 UTC,141,"17
"
2023-03-15 10:44:32 UTC,142,"17
"
2023-03-15 10:45:05 UTC,143,"17
"
2023-03-15 10:45:26 UTC,144,"17
"
2023-03-15 10:45:59 UTC,145,"17

t6#918@17

p3#919@17
"
2023-03-15 10:47:11 UTC,146,"17

ııı6#918@17
"
2023-03-15 10:50:32 UTC,147,"17
"
2023-03-15 10:51:41 UTC,148,"17

ııı8#963@17
"
2023-03-15 10:52:07 UTC,149,"17
"
2023-03-15 10:52:41 UTC,150,"17
"
2023-03-15 10:53:32 UTC,151,"17
"
2023-03-15 10:56:00 UTC,152,"17
"
2023-03-15 10:56:27 UTC,153,"17
"
2023-03-15 10:57:02 UTC,154,"17

ııı3#936@17
"
2023-03-15 10:57:28 UTC,155,"17
"
2023-03-15 11:01:19 UTC,156,"17
"
2023-03-15 11:01:45 UTC,157,"17
"
2023-03-15 11:02:13 UTC,158,"17

"
2023-03-15 11:02:47 UTC,159,"17

ııı0#947@17
"
2023-03-15 11:06:26 UTC,160,"17
"
2023-03-15 11:06:53 UTC,161,"17
"
2023-03-15 11:09:15 UTC,162,"17

"
2023-03-15 11:09:41 UTC,163,"17
"
2023-03-15 11:10:08 UTC,164,"17
"
2023-03-15 11:10:36 UTC,165,"

"
2023-03-15 11:11:09 UTC,166,"17
"
2023-03-15 11:16:32 UTC,167,"17

"
2023-03-15 11:16:53 UTC,168,"17
"
2023-03-15 11:17:19 UTC,169,"17
"
2023-03-15 11:17:46 UTC,170,"17

"
2023-03-15 11:18:12 UTC,171,"17

"
2023-03-15 11:21:12 UTC,172,"17

"
2023-03-15 11:25:07 UTC,173,
2023-03-15 11:27:48 UTC,174,"16


"
2023-03-15 11:28:15 UTC,175,"0

q9#920@531
"
2023-03-15 11:28:56 UTC,176,"16
"
2023-03-15 11:29:23 UTC,177,"16
"
2023-03-15 11:29:43 UTC,178,"
"
2023-03-15 11:30:17 UTC,179,"16
"
2023-03-15 11:30:57 UTC,180,"20

"
2023-03-15 15:50:21 UTC,181,"16

"
2023-03-15 15:50:48 UTC,182,"16

"
2023-03-15 15:51:16 UTC,183,"16

"
2023-03-15 15:51:43 UTC,184,"16

"
2023-03-15 15:52:09 UTC,185,"16

"
2023-03-15 15:52:36 UTC,186,"16

"
2023-03-15 15:53:03 UTC,187,"32

"
2023-03-15 15:53:29 UTC,188,"32
"
2023-03-15 15:54:02 UTC,189,"20

"
2023-03-15 15:54:29 UTC,190,"20

"
2023-03-15 15:54:57 UTC,191,"20

"
2023-03-15 15:55:30 UTC,192,"16

"
2023-03-16 01:55:27 UTC,193,"20

"
2023-03-16 01:55:54 UTC,194,"32
"
2023-03-16 01:56:26 UTC,195,"32

"
2023-03-16 01:56:53 UTC,196,"20
"
2023-03-16 02:40:43 UTC,197,"16

"
2023-03-16 02:41:10 UTC,198,"16

"
2023-03-16 02:41:43 UTC,199,"16
"
